,timestamp,open_spot,open_perp,high_spot,high_perp,low_spot,low_perp,close_spot,close_perp,volume_spot,volume_perp,buy_volume_spot,buy_volume_perp,trades_spot,trades_perp,buy_trades_spot,buy_trades_perp,open_interest,funding_rate
0,2024-07-21 00:00:00.000000 +00:00,67139.97,67095.6,67186.12,67149.4,67063.5,67016.9,67102.0,67057.0,3083345.0234671,47287607.6857,1820982.8857509,16322037.1041,3406,8900,1478,3219,195151.3836488343,-5.496e-05
1,2024-07-21 00:05:00.000000 +00:00,67102.0,67056.9,67123.11,67086.5,67092.31,67045.7,67114.02,67070.3,1606322.1638442,11331377.3833,743789.2629431,5625256.4616,2218,3390,1037,1304,195167.35033819056,-5.565e-05
2,2024-07-21 00:10:00.000000 +00:00,67114.01,67070.2,67216.0,67184.1,67100.01,67057.5,67216.0,67181.5,2497386.2406615,13764709.783,1797316.6444233,9394782.862,2450,3850,1601,2386,195110.2135418142,-5.708e-05
3,2024-07-21 00:15:00.000000 +00:00,67216.0,67181.5,67322.0,67290.9,67215.99,67177.6,67290.07,67251.8,4106298.6583196,43312826.6567,2657966.1925944,26113002.3956,13109,10353,3892,5881,194923.72915647607,-5.611e-05
4,2024-07-21 00:20:00.000000 +00:00,67290.07,67251.8,67290.07,67251.9,67193.0,67148.9,67193.01,67149.0,2144302.7246187,16369126.8492,608910.940264,4291685.2173999995,2263,4087,722,1265,195042.87887571237,-5.688e-05
5,2024-07-21 00:25:00.000000 +00:00,67193.0,67148.9,67206.0,67166.9,67180.0,67134.4,67180.0,67139.1,2504869.1559944,10090276.0129,1156351.9450432,3433735.3605,1995,3091,1011,1181,195111.04395272263,-5.854e-05
6,2024-07-21 00:30:00.000000 +00:00,67180.01,67139.1,67180.01,67140.0,67120.0,67071.7,67120.0,67078.8,1704441.4594234,14521165.7391,751840.2561134,3603010.9707,2356,4523,915,1579,195196.5558940303,-6.005e-05
7,2024-07-21 00:35:00.000000 +00:00,67120.01,67078.9,67120.01,67078.9,67043.99,67001.7,67044.0,67001.8,1981005.3622641,18407092.3028,511812.0185917,6850212.6943,2746,4820,837,1546,195217.55258299777,-6.212e-05
8,2024-07-21 00:40:00.000000 +00:00,67044.0,67001.8,67053.23,67017.8,66962.0,66918.4,66985.01,66942.1,2976623.1591909,39764714.8055,1830471.8714706,16533979.5018,3274,6871,1208,2608,195196.3129616299,-6.459e-05
9,2024-07-21 00:45:00.000000 +00:00,66985.0,66942.0,67085.08,67037.9,66966.0,66918.5,67027.46,66986.3,9594813.3398401,35535648.9977,7729182.4950497,23649799.8324,3784,6502,1989,3779,195090.18852083577,-6.627e-05
10,2024-07-21 00:50:00.000000 +00:00,67027.47,66986.3,67036.01,67000.0,67002.01,66956.9,67032.0,66996.1,1389380.0358566,13151357.7698,417924.7078027,7498112.7425,3826,3230,815,1672,195117.0624354353,-6.792e-05
11,2024-07-21 00:55:00.000000 +00:00,67032.0,66996.0,67075.0,67040.0,67016.0,66971.5,67066.02,67026.5,1820393.1814203,13032238.1545,1046253.0492818,8334371.7651,2046,3640,1010,1994,195106.26763149473,-6.897e-05
12,2024-07-21 01:00:00.000000 +00:00,67066.02,67026.5,67074.0,67040.0,67042.51,66997.0,67045.24,67001.0,1200835.1326327,8964453.0147,494509.2368945,3932614.2905,1818,3167,699,1519,195173.9840809538,-6.993e-05
13,2024-07-21 01:05:00.000000 +00:00,67045.25,67001.0,67104.0,67067.7,67041.07,67000.0,67090.0,67045.2,1360262.5663947,11417174.5324,983937.8372043,7354326.3403,2125,3231,1394,1856,195126.24595766037,-7.03e-05
14,2024-07-21 01:10:00.000000 +00:00,67090.0,67045.2,67104.0,67067.9,67084.51,67045.0,67103.99,67064.2,1331008.8669315,7657052.012999999,1085527.1576567,3926077.8106,1524,2033,988,1038,195172.15486745,-7.069e-05
15,2024-07-21 01:15:00.000000 +00:00,67103.99,67064.3,67142.85,67104.7,67103.99,67064.2,67123.01,67083.1,1439918.9165986,15399137.6644,1072256.4108484,10024518.6444,1726,3049,997,1805,195162.44094299985,-7.064e-05
16,2024-07-21 01:20:00.000000 +00:00,67123.01,67083.0,67274.69,67246.2,67123.0,67080.0,67217.5,67177.9,2672720.4158792,44538125.0073,1597321.3617341,29888856.0292,3623,8386,2439,5055,195001.15727976157,-7.045e-05
17,2024-07-21 01:25:00.000000 +00:00,67217.5,67177.8,67224.0,67189.6,67169.99,67128.7,67186.0,67153.3,1227245.9249367,9850019.5748,636828.0869543,2802849.5634000003,1922,3279,854,1112,195094.11122107977,-7.005e-05
18,2024-07-21 01:30:00.000000 +00:00,67186.0,67153.3,67217.94,67185.1,67185.99,67146.0,67200.02,67161.6,1369641.450542,9159671.6182,971825.7350369,4733702.9368,2538,3394,1305,1582,195073.69682174252,-6.96e-05
19,2024-07-21 01:35:00.000000 +00:00,67200.01,67160.4,67217.74,67188.2,67200.01,67160.3,67211.28,67177.5,1798727.6183277,6174127.6775,816728.3835484,2909541.6006,2633,2454,1582,1109,195047.55516027883,-6.832e-05
20,2024-07-21 01:40:00.000000 +00:00,67211.29,67177.4,67295.49,67268.0,67211.28,67177.4,67288.38,67253.3,2218174.7513139,34199099.2631,1672357.7453635,24037905.4521,2938,6401,1768,3845,195091.58979990348,-6.682e-05
21,2024-07-21 01:45:00.000000 +00:00,67288.38,67253.2,67436.22,67400.0,67252.04,67206.7,67376.0,67333.0,5274751.2568682,88379511.9784,3651135.2692384,57767287.0384,5574,12310,3821,7819,194999.0366772272,-6.527e-05
22,2024-07-21 01:50:00.000000 +00:00,67375.99,67333.0,67390.0,67359.4,67341.99,67300.8,67343.12,67309.9,3034663.7625675,30824472.1403,856784.5218005,7404119.6379,2012,5276,675,1871,195220.7871400147,-6.403e-05
23,2024-07-21 01:55:00.000000 +00:00,67343.12,67309.8,67343.12,67309.9,67276.32,67240.8,67276.33,67242.1,1853014.7726266,16516049.9258,115641.1871744,3286054.1552,1158,3527,272,904,195234.96288797367,-6.282e-05
24,2024-07-21 02:00:00.000000 +00:00,67276.32,67242.2,67309.19,67279.3,67270.54,67232.9,67295.88,67262.4,2513258.02408,11529660.8244,1536573.9063346,7038434.2857,1854,3101,1160,1659,195189.38505935256,-6.1e-05
25,2024-07-21 02:05:00.000000 +00:00,67295.71,67262.4,67326.0,67302.4,67284.0,67246.0,67290.02,67258.0,2552086.1278734,13759280.332,838970.1328021,6289374.2782,2174,3174,1397,1454,195197.62110972492,-5.967e-05
26,2024-07-21 02:10:00.000000 +00:00,67290.02,67258.1,67290.02,67263.4,67270.0,67226.4,67270.0,67235.2,1261373.082716,13160986.0512,668348.8377319,2801940.2623,3721,2362,3032,788,195211.24216626637,-5.829e-05
27,2024-07-21 02:15:00.000000 +00:00,67270.01,67235.2,67330.0,67302.4,67270.0,67235.2,67320.0,67281.0,1675725.1463638,10753064.649,1135146.1087754,6081505.582,2061,3239,1401,1850,195185.1254596682,-5.791e-05
28,2024-07-21 02:20:00.000000 +00:00,67320.0,67280.9,67360.0,67330.0,67310.0,67268.7,67332.01,67300.5,1391295.748933,12198783.4054,783811.8793162,7315830.677399999,1485,3169,848,1763,195214.3318270784,-5.652e-05
29,2024-07-21 02:25:00.000000 +00:00,67332.0,67300.6,67332.01,67300.6,67300.38,67260.5,67319.99,67280.0,1177720.6720195,9429997.5095,548998.7816199,4247073.3523,1243,2668,583,1008,195272.76126863665,-5.578e-05
30,2024-07-21 02:30:00.000000 +00:00,67320.0,67280.0,67320.0,67282.0,67284.0,67241.6,67286.98,67261.3,1192046.9998247,8549411.5715,421239.1447186,3380898.7637,1474,2537,593,1066,195274.69105171633,-5.56e-05
31,2024-07-21 02:35:00.000000 +00:00,67286.98,67261.4,67356.38,67327.6,67286.97,67254.3,67348.01,67307.3,2033186.2068439,15486656.8527,1238262.5329669,9022290.5175,1882,4153,1215,2481,195243.59326931252,-5.423e-05
32,2024-07-21 02:40:00.000000 +00:00,67348.01,67307.3,67389.99,67357.9,67348.0,67307.3,67389.98,67357.9,2736096.2132193,13962410.2502,2269237.5822169,8868178.6858,1587,3543,940,2218,195287.9513207705,-5.301e-05
33,2024-07-21 02:45:00.000000 +00:00,67389.99,67357.9,67396.73,67360.0,67301.0,67250.0,67318.01,67277.5,2988330.6726819,21466420.5589,1788523.8919613,5844700.2284,2743,4312,1082,1565,195405.73238589315,-5.293e-05
34,2024-07-21 02:50:00.000000 +00:00,67318.01,67277.6,67323.16,67287.1,67306.0,67260.9,67323.16,67281.2,1920807.1739668,5214459.4793,1386071.2284775,1797736.851,1586,2024,846,970,195447.1074221797,-5.284e-05
35,2024-07-21 02:55:00.000000 +00:00,67323.15,67281.1,67323.16,67281.2,67287.0,67242.8,67287.01,67242.8,1690295.9989752,7801312.1192,614660.2779503999,1623900.2147,1624,2189,417,661,195470.1489312199,-5.313e-05
36,2024-07-21 03:00:00.000000 +00:00,67287.01,67242.9,67315.0,67291.2,67213.0,67164.9,67301.3,67270.9,2053996.8174663,31734510.7704,772395.0380546,12475746.2725,2430,5640,1128,2684,195422.0276493155,-5.268e-05
37,2024-07-21 03:05:00.000000 +00:00,67301.29,67271.0,67357.26,67330.8,67301.29,67270.0,67334.51,67301.4,1349387.2891787,13047477.7027,911144.5143984,7702578.7242,1575,3214,745,1969,195485.24770392748,-5.05e-05
38,2024-07-21 03:10:00.000000 +00:00,67334.51,67301.5,67334.51,67303.0,67320.0,67283.1,67322.01,67288.3,422551.4922969,5851409.8777,161223.3474425,3307658.8673,1057,1711,395,847,195456.5429355659,-4.823e-05
39,2024-07-21 03:15:00.000000 +00:00,67322.0,67288.3,67366.74,67339.0,67322.0,67288.3,67358.04,67328.6,856861.5992192,12090874.1114,690656.4762581,5015129.6959,1369,2644,824,1472,195442.11102812336,-4.529e-05
40,2024-07-21 03:20:00.000000 +00:00,67358.05,67328.5,67375.0,67346.1,67304.05,67260.4,67304.05,67266.5,1780640.8290142,14098774.6294,699042.3974766,6373532.226600001,1853,2988,565,1116,195449.43419940464,-4.404e-05
41,2024-07-21 03:25:00.000000 +00:00,67304.05,67266.4,67304.06,67268.0,67236.0,67198.6,67244.0,67209.0,1670015.991745,21508452.0573,336125.0392835,10468818.8571,1690,4372,489,1820,195492.8264968889,-4.474e-05
42,2024-07-21 03:30:00.000000 +00:00,67244.0,67209.0,67270.83,67240.3,67212.0,67174.9,67222.66,67186.8,1407824.5851509,14405102.293,550840.5986464,7153513.9994,2348,4113,893,2057,195458.62314444108,-4.421e-05
43,2024-07-21 03:35:00.000000 +00:00,67222.65,67186.8,67262.0,67233.9,67201.0,67164.5,67246.0,67210.1,1785038.5394227,14260178.0192,1009017.8280654,7914589.3426,2132,3582,930,1826,195450.62159583348,-4.373e-05
44,2024-07-21 03:40:00.000000 +00:00,67245.99,67210.0,67245.99,67213.6,67218.0,67180.9,67238.0,67209.9,807084.5061129,7181282.912599999,244462.171795,3851962.2691,1354,2534,674,1176,195478.39241530173,-4.262e-05
45,2024-07-21 03:45:00.000000 +00:00,67238.0,67209.8,67238.0,67209.9,67202.0,67170.0,67203.99,67177.0,748109.1751237,7160164.7257,178834.0740739,3270833.2913,1261,2218,354,950,195501.83139726703,-4.108e-05
46,2024-07-21 03:50:00.000000 +00:00,67204.0,67177.0,67214.68,67191.9,67173.24,67140.0,67181.99,67155.3,1304463.134854,15813376.7881,321479.1342929,6048975.744,1806,3752,508,1387,195533.59530698624,-4.008e-05
47,2024-07-21 03:55:00.000000 +00:00,67182.0,67155.3,67187.98,67160.6,67147.45,67112.3,67171.33,67145.8,1503674.9240557,20657211.1184,606450.5040503,7602579.908600001,1994,3843,666,1502,195547.12787160388,-3.834e-05
48,2024-07-21 04:00:00.000000 +00:00,67171.33,67145.8,67188.02,67163.8,67158.79,67124.1,67188.01,67157.9,1524021.6378561,14939587.4423,402983.3811734,6623843.9675,1898,3391,831,1693,195558.1876396657,-3.596e-05
49,2024-07-21 04:05:00.000000 +00:00,67188.01,67157.9,67220.52,67194.3,67174.03,67139.7,67174.03,67145.6,1454650.3613283,10538599.1614,768165.5818898,6587754.2548,1549,3057,513,1622,195660.1680792941,-3.38e-05
50,2024-07-21 04:10:00.000000 +00:00,67174.04,67145.5,67174.04,67145.6,67148.32,67111.0,67150.0,67122.8,1151759.9624722,11416962.2813,476188.1714148,6085714.6052,1650,2805,582,1091,195678.84454847855,-3.293e-05
51,2024-07-21 04:15:00.000000 +00:00,67150.01,67122.9,67191.94,67166.4,67150.0,67115.0,67189.66,67153.9,1321040.3100839,10580037.3612,867078.0628574999,5265536.2516,1740,2572,1021,1278,195713.42090024843,-3.15e-05
52,2024-07-21 04:20:00.000000 +00:00,67189.65,67153.8,67195.0,67166.3,67155.97,67120.9,67155.98,67120.9,2511375.3259616,10638524.6419,778699.9015622,5411931.6953,1492,2641,525,1207,195744.33314657529,-2.964e-05
53,2024-07-21 04:25:00.000000 +00:00,67155.97,67120.9,67155.97,67121.0,67127.52,67100.0,67136.0,67110.6,3584654.2166882,12360721.7743,647817.4530462,6433903.3022,2174,3084,1180,1518,195724.6114416477,-2.84e-05
54,2024-07-21 04:30:00.000000 +00:00,67135.99,67110.5,67136.0,67110.6,67031.06,67000.0,67066.99,67042.4,4330654.0271581,50123173.9844,1249003.9852803,10259852.8771,3849,7736,1512,2207,195727.77525177997,-2.71e-05
55,2024-07-21 04:35:00.000000 +00:00,67066.98,67042.4,67066.99,67045.1,67039.62,67007.2,67055.99,67028.9,1160027.0374924,15271517.1352,458435.772381,6415448.4891,2099,3726,819,1703,195738.33047736724,-2.647e-05
56,2024-07-21 04:40:00.000000 +00:00,67055.98,67029.0,67131.52,67106.2,67055.98,67028.9,67079.89,67055.8,2171869.2309107,15000512.1742,1092577.5965004,9423416.0998,2180,4174,1179,2605,195750.13072726017,-2.446e-05
57,2024-07-21 04:45:00.000000 +00:00,67079.89,67055.8,67097.47,67072.0,67079.88,67053.7,67088.01,67056.5,618029.2262576,7214734.9797,295770.7651165,3994353.8975,1237,1989,623,1133,195764.89622910303,-2.257e-05
58,2024-07-21 04:50:00.000000 +00:00,67088.0,67056.4,67088.01,67056.5,67038.4,67000.4,67038.41,67001.7,2112975.8425139003,15793327.8538,478492.3593993,4113056.2553,1590,3522,428,1127,195819.401051768,-2.181e-05
59,2024-07-21 04:55:00.000000 +00:00,67038.4,67001.6,67054.95,67028.9,67001.0,66961.5,67040.01,67010.5,3385238.2348183,25300979.023,1182149.3351397,11727409.6819,2620,6104,1153,2630,195928.5915497142,-2.112e-05
60,2024-07-21 05:00:00.000000 +00:00,67040.0,67010.5,67067.32,67040.0,66948.9,66912.4,66950.1,66917.2,4704297.8308023,41316953.8655,1487426.2644399,13514443.7429,4629,8005,1352,3045,195931.44448640195,-2.055e-05
61,2024-07-21 05:05:00.000000 +00:00,66950.1,66917.2,66966.0,66937.5,66890.0,66855.1,66904.63,66873.3,3174547.1013664,50902554.9197,989606.5582341,18780998.8474,4112,9160,1268,3590,196092.11213025823,-1.99e-05
62,2024-07-21 05:10:00.000000 +00:00,66904.63,66873.3,67027.55,67000.0,66894.55,66860.0,66973.01,66941.9,3099204.6920785,34852006.6278,1825484.5050612,19835195.3974,3372,6967,1950,4188,196295.1727746386,-1.81e-05
63,2024-07-21 05:15:00.000000 +00:00,66973.01,66942.0,67071.56,67046.3,66969.01,66929.4,67066.0,67035.6,2000854.3471942,30164901.6319,1138018.1660715,20686588.8134,2511,5704,1559,3753,196173.53389271695,-1.621e-05
64,2024-07-21 05:20:00.000000 +00:00,67065.99,67035.5,67090.0,67066.3,67035.45,67000.0,67064.0,67035.1,1499218.3233915,16226337.4438,675604.9868608,9415451.8139,2260,3863,1021,2122,196139.26055775868,-1.512e-05
65,2024-07-21 05:25:00.000000 +00:00,67064.0,67035.1,67064.01,67035.1,67009.75,66974.8,67036.0,67007.4,1567078.592713,12968769.6369,579783.499467,4780397.4654,1718,3607,715,1584,196255.06480789036,-1.473e-05
66,2024-07-21 05:30:00.000000 +00:00,67036.0,67007.5,67100.0,67071.1,67036.0,67007.5,67072.0,67045.6,1145155.5969571,19918744.6678,563435.0810515,14000729.5597,2119,3302,1229,2047,196170.37161233264,-1.317e-05
67,2024-07-21 05:35:00.000000 +00:00,67072.0,67045.5,67098.0,67073.2,67057.79,67022.0,67075.0,67050.5,1162504.6419022,11345624.7906,645712.7411137,6297613.1095,1969,2968,1108,1554,196223.99996221732,-1.203e-05
68,2024-07-21 05:40:00.000000 +00:00,67074.99,67050.4,67075.0,67050.5,67058.54,67024.4,67064.01,67033.9,620669.0958792,6003759.3655,244136.4363738,2494209.1522,1364,2292,620,941,196231.13967010097,-1.082e-05
69,2024-07-21 05:45:00.000000 +00:00,67064.01,67033.9,67086.0,67058.4,67060.0,67025.1,67060.0,67025.1,1188089.7713087,6949769.1598,568079.7735500999,3337632.3693,1516,2341,697,1043,196229.0732275521,-1.037e-05
70,2024-07-21 05:50:00.000000 +00:00,67060.0,67025.1,67076.0,67049.5,67018.81,66990.0,67075.99,67046.9,1937085.5289382,11103093.7684,1285720.5825441,4061063.1144,2131,2873,1245,1427,196188.9199656828,-9.99e-06
71,2024-07-21 05:55:00.000000 +00:00,67076.0,67046.9,67077.38,67046.9,67039.61,66995.4,67046.0,67015.4,1649324.648195,13580988.7101,745139.6872328,2843915.9607,1446,2749,699,907,196290.458663766,-9.94e-06
72,2024-07-21 06:00:00.000000 +00:00,67046.0,67015.4,67093.42,67060.0,67035.5,67010.0,67035.51,67010.1,3220310.0698712,6519369.2809,622268.1979446,3543684.3009,2338,2354,1112,1140,196303.04974846455,-9.41e-06
73,2024-07-21 06:05:00.000000 +00:00,67035.51,67010.0,67056.0,67032.0,66982.21,66953.0,66982.21,66953.0,3835630.7199484,19756791.7695,931292.8772665,4118265.0199,2616,3741,1000,1205,196410.31539057265,-8.42e-06
74,2024-07-21 06:10:00.000000 +00:00,66982.21,66953.0,67022.0,67002.0,66922.2,66900.0,67022.0,67001.5,4070957.9263378,28408060.6807,1927432.3760026,10824543.7627,3301,5536,2219,2913,196431.53657981948,-6.94e-06
75,2024-07-21 06:15:00.000000 +00:00,67022.0,67001.5,67022.0,67001.5,66660.0,66610.1,66748.0,66724.5,14543076.3649966,203068939.3978,4924008.7441935,78012706.3085,12527,32179,4713,13317,195518.20044471993,-5.97e-06
76,2024-07-21 06:20:00.000000 +00:00,66747.99,66724.5,66820.31,66798.1,66708.14,66672.8,66772.11,66742.9,5876157.0853139,50227204.5741,4342217.9671462,27975679.9016,4307,9861,2726,5486,195375.54283758727,-3.86e-06
77,2024-07-21 06:25:00.000000 +00:00,66772.1,66742.8,66819.98,66795.2,66718.0,66678.6,66799.99,66777.5,2280148.6840816,21091999.5909,942971.95095,10393977.9734,3020,5587,2063,3007,195448.0782949883,-1.7e-06
78,2024-07-21 06:30:00.000000 +00:00,66800.0,66777.5,66806.99,66781.0,66695.85,66663.4,66709.76,66672.8,5044566.6527137,36881928.9124,2621007.2762369,14865956.604,3957,8493,1788,3691,195476.07001935891,-5.9e-07
79,2024-07-21 06:35:00.000000 +00:00,66709.75,66672.8,66712.48,66696.2,66611.09,66574.2,66712.48,66691.3,4780697.6832709,59805375.7778,2193607.6489108,26796244.9579,4543,11157,1925,5280,195470.74157009204,3.1e-07
80,2024-07-21 06:40:00.000000 +00:00,66712.48,66691.3,66787.46,66769.9,66712.48,66685.8,66787.19,66760.0,2038625.3872724,36847272.4832,1318589.0671053,21750781.0918,2755,6531,1637,4232,195346.5796957467,2.53e-06
81,2024-07-21 06:45:00.000000 +00:00,66787.18,66760.0,66787.19,66760.0,66700.0,66672.0,66706.0,66672.1,1654722.544404,20174481.182,631060.5723784,7642303.9251,3213,4728,1029,1799,195425.9256906896,4.45e-06
82,2024-07-21 06:50:00.000000 +00:00,66706.0,66672.2,66750.0,66727.7,66697.21,66668.6,66734.02,66710.6,1672138.7537501,17968257.523000002,901459.2518382,10108197.0843,1982,3978,1189,2172,195528.27452774515,6.4e-06
83,2024-07-21 06:55:00.000000 +00:00,66734.02,66710.6,66734.02,66710.7,66702.0,66672.9,66721.99,66690.0,1176484.3979842,14175271.5424,546609.7761181,5467748.1174,2092,3571,944,1671,195498.32566022288,7.46e-06
84,2024-07-21 07:00:00.000000 +00:00,66721.99,66690.0,66746.59,66724.6,66592.1,66560.0,66745.99,66713.4,7221694.6135648,49512453.0283,2941967.6626632,25465288.3594,6963,11305,3326,5716,195288.2850825225,8.51e-06
85,2024-07-21 07:05:00.000000 +00:00,66745.99,66713.3,66769.38,66745.5,66683.34,66653.8,66725.62,66688.6,1873990.538881,20974456.2687,782754.0406812,11846629.2872,2736,5283,1457,2716,195444.65429350128,1.1e-05
86,2024-07-21 07:10:00.000000 +00:00,66725.61,66688.5,66755.45,66729.6,66710.0,66676.5,66755.44,66723.0,1420884.3741136,13794718.9256,621042.3525656,7797412.7841,2747,3985,1499,2295,195462.84474030332,1.224e-05
87,2024-07-21 07:15:00.000000 +00:00,66755.45,66723.0,66820.0,66796.9,66755.44,66717.4,66802.0,66768.5,2468109.8496069,30735482.6299,1435353.2556084,18306364.6428,3012,5970,1925,3681,195351.89055518157,1.442e-05
88,2024-07-21 07:20:00.000000 +00:00,66802.0,66768.4,66808.01,66781.0,66647.65,66619.5,66692.0,66658.4,5364312.886486799,30201970.458,2367645.6058198,13299806.326,3964,7142,1870,3016,195414.89562447008,1.42e-05
89,2024-07-21 07:25:00.000000 +00:00,66692.0,66658.3,66692.01,66666.9,66652.49,66619.4,66668.01,66637.3,1210605.4690499,14608809.1445,544562.0074825999,7320760.3045,1691,3610,822,1702,195429.81359538288,1.482e-05
90,2024-07-21 07:30:00.000000 +00:00,66668.01,66637.2,66699.89,66678.2,66654.0,66619.2,66692.78,66671.3,2805437.7532766,18479366.2506,1574879.3005306,10852243.4207,2924,4449,1717,2373,195354.803470494,1.601e-05
91,2024-07-21 07:35:00.000000 +00:00,66692.79,66671.3,66711.92,66691.9,66686.0,66652.3,66711.92,66691.9,1399336.2004577,13791099.2531,805132.4834687,9181258.7762,1926,3336,1129,1882,195334.68660161344,1.758e-05
92,2024-07-21 07:40:00.000000 +00:00,66711.92,66691.9,66743.73,66720.0,66706.0,66671.1,66706.0,66675.4,1645759.8547825,20323598.4645,757325.9916181,10379151.4828,1688,3887,927,2005,195240.27287844956,1.989e-05
93,2024-07-21 07:45:00.000000 +00:00,66706.0,66675.4,66751.14,66727.0,66694.0,66661.1,66751.13,66717.4,2205886.2499862,15247057.9501,1487653.1712138,9285713.5932,2190,3588,1131,2331,195164.96214593688,2.215e-05
94,2024-07-21 07:50:00.000000 +00:00,66751.14,66717.4,66751.15,66723.8,66738.0,66700.0,66740.64,66713.4,1301632.515501,12743180.4649,633451.9619687999,5919874.7088,1136,3030,537,1442,195142.70262926395,2.368e-05
95,2024-07-21 07:55:00.000000 +00:00,66740.63,66713.5,66740.64,66713.5,66670.0,66633.0,66701.99,66670.0,2763901.5403205,19030661.0106,1088967.9607274,7360555.9255,1921,3548,814,1372,195199.50160372147,2.239e-05
96,2024-07-21 08:00:00.000000 +00:00,66702.0,66669.9,66771.11,66743.2,66680.0,66645.6,66771.11,66743.1,1817246.516594,14910234.5982,1131510.2044322,11214354.9794,2463,4068,1752,2742,195104.2007236934,2.292e-05
97,2024-07-21 08:05:00.000000 +00:00,66771.1,66743.1,66849.0,66827.0,66771.1,66737.9,66836.08,66802.1,4692036.4163518,47071793.7433,2497793.3773624,30995166.0601,3456,8419,1895,5208,195041.3787298218,2.382e-05
98,2024-07-21 08:10:00.000000 +00:00,66836.08,66802.1,66886.01,66864.6,66798.0,66759.8,66865.01,66823.8,2574173.673596,29546733.1798,1234211.2701236,18474566.3103,2741,6168,1597,3601,195037.16589940147,2.473e-05
99,2024-07-21 08:15:00.000000 +00:00,66865.0,66823.8,66892.0,66864.0,66815.0,66775.3,66815.0,66780.8,1807859.5337909,26138341.6481,616739.1724958,10183589.1069,2223,5023,850,2120,195198.60677722297,2.36e-05
100,2024-07-21 08:20:00.000000 +00:00,66815.01,66780.8,66822.0,66797.2,66805.0,66767.5,66814.99,66780.1,1151933.1691843,9973447.5187,487553.8968567,4178894.0761,1391,2523,685,1164,195242.58603188992,2.356e-05
101,2024-07-21 08:25:00.000000 +00:00,66814.98,66780.1,66822.0,66796.8,66800.0,66760.9,66800.01,66767.4,1363536.1720958,9300581.1043,526685.0817562001,4425999.8313,1245,2599,674,1208,195282.69329129023,2.38e-05
102,2024-07-21 08:30:00.000000 +00:00,66800.01,66767.5,66800.01,66774.2,66722.0,66685.2,66722.01,66689.1,3013090.3202527,23780334.7228,1378128.4812443,6280218.4702,2224,6123,734,2006,195349.631962066,2.253e-05
103,2024-07-21 08:35:00.000000 +00:00,66722.0,66689.1,66798.01,66772.0,66722.0,66686.3,66792.0,66762.3,1934042.5683362,15318515.8676,1495020.2306722,8942394.9485,2531,4504,1828,2511,195331.28829240025,2.301e-05
104,2024-07-21 08:40:00.000000 +00:00,66791.99,66762.3,66822.0,66793.8,66778.42,66747.4,66821.99,66793.8,1337598.2063567,8992766.928,509755.7868996,4669320.6835,1756,2695,1047,1748,195301.24158308783,2.3e-05
105,2024-07-21 08:45:00.000000 +00:00,66821.99,66793.7,66885.75,66863.0,66821.99,66790.0,66834.01,66797.4,2583430.6924412,22220751.3813,988036.9157828,13094453.6849,2319,4432,1027,2405,195334.72530687647,2.392e-05
106,2024-07-21 08:50:00.000000 +00:00,66834.01,66797.4,66850.01,66818.7,66800.33,66765.0,66804.37,66770.7,1551987.1652024,10198800.389,528859.6949648,5032958.6703,2434,2800,700,1208,195384.45107360304,2.296e-05
107,2024-07-21 08:55:00.000000 +00:00,66804.36,66770.7,66844.0,66814.7,66796.0,66760.3,66796.01,66760.3,2083292.1865674,6339820.5658,529782.5585669,3707158.7725,1773,2142,576,870,195408.74927437876,2.203e-05
108,2024-07-21 09:00:00.000000 +00:00,66796.0,66760.3,66832.01,66811.3,66756.82,66722.1,66820.0,66789.2,1786840.8332419,16456856.4797,832477.4852763,10033679.8691,3785,4387,1481,2391,195447.5242760118,2.138e-05
109,2024-07-21 09:05:00.000000 +00:00,66820.0,66789.3,66864.14,66843.3,66810.0,66776.0,66852.01,66822.2,924364.9288613,8418544.6329,468973.4591352,5537380.1601,1607,2682,1073,1671,195392.55433185215,2.225e-05
110,2024-07-21 09:10:00.000000 +00:00,66852.01,66822.3,66922.0,66900.0,66852.0,66822.3,66898.0,66865.5,2073394.5075131,33102321.8329,1275755.0703716,20170681.5809,2364,6027,1615,3632,195337.56691541764,2.345e-05
111,2024-07-21 09:15:00.000000 +00:00,66898.0,66865.6,66956.59,66932.4,66880.0,66841.3,66920.01,66880.1,3838315.6517245,27698021.9556,2391368.4434292,17030718.2307,2983,6686,1865,3991,195257.0696559994,2.319e-05
112,2024-07-21 09:20:00.000000 +00:00,66920.01,66880.1,66920.01,66880.1,66875.0,66835.0,66875.01,66839.8,1916058.1105555,17029320.5778,664476.1785058001,6972734.3173,1677,4443,624,1390,195371.34169814407,2.208e-05
113,2024-07-21 09:25:00.000000 +00:00,66875.01,66839.9,66896.0,66868.9,66870.08,66833.3,66870.09,66833.9,954689.3242573,7794224.5748,275926.4217647,3698211.0191,1082,2874,524,1145,195365.72631424447,2.092e-05
114,2024-07-21 09:30:00.000000 +00:00,66870.08,66834.0,66870.09,66839.7,66842.47,66803.2,66865.27,66837.2,1314860.8568744,7404236.2598,317481.0946304,2667510.4943,1364,2570,568,1054,195385.91391899297,2.029e-05
115,2024-07-21 09:35:00.000000 +00:00,66865.27,66837.1,66936.0,66908.9,66865.27,66837.1,66923.02,66887.1,3709808.6570237,19499822.0896,2666579.7737162,12099584.6334,2834,4532,1728,2728,195292.52634230244,2.097e-05
116,2024-07-21 09:40:00.000000 +00:00,66923.03,66887.0,66976.01,66949.0,66912.0,66876.5,66944.04,66911.9,2591471.1442946,26391076.8472,1513356.2069555,15624136.093,2464,5493,1334,3203,195287.7175171592,2.143e-05
117,2024-07-21 09:45:00.000000 +00:00,66944.03,66912.0,66978.0,66956.8,66928.06,66886.9,66978.0,66956.8,1395262.9768925,15052614.4178,646513.7728839,8904454.6882,2021,4331,1191,2550,195273.70537916775,2.18e-05
118,2024-07-21 09:50:00.000000 +00:00,66978.0,66956.8,67017.08,66994.7,66977.99,66939.8,66997.99,66968.5,3649376.5586035,25010742.5501,2172790.605279,14790323.4234,3284,6019,2034,3362,195237.31138965604,2.351e-05
119,2024-07-21 09:55:00.000000 +00:00,66997.99,66968.5,66997.99,66968.5,66972.77,66935.0,66976.0,66944.1,1630732.0442198,12841986.7134,503120.5165865,5806223.1572,1611,3154,808,1430,195281.7370625043,2.361e-05
120,2024-07-21 10:00:00.000000 +00:00,66976.0,66944.1,66984.0,66958.9,66950.0,66911.1,66965.99,66938.2,1358225.7857018,10703238.2575,496397.1715801,4180526.567,1773,3509,893,1628,195334.01354226444,2.421e-05
121,2024-07-21 10:05:00.000000 +00:00,66966.0,66938.2,67062.77,67040.4,66965.99,66938.2,67018.01,66992.0,2900141.7263152,38503551.6907,1913295.4463841,26352821.8599,3963,8118,2622,5233,195305.2260824967,2.478e-05
122,2024-07-21 10:10:00.000000 +00:00,67018.0,66992.0,67028.0,67000.0,66987.75,66952.4,66991.99,66961.8,1235344.0319929,13336649.223,370554.3723275,6283612.714,1934,3628,764,1519,195332.77009827568,2.47e-05
123,2024-07-21 10:15:00.000000 +00:00,66991.99,66961.8,66991.99,66962.4,66904.0,66870.0,66904.01,66870.0,3153255.734116,24952307.2944,814766.4243885,5683874.6335,2905,5332,880,1396,195326.84569806303,2.454e-05
124,2024-07-21 10:20:00.000000 +00:00,66904.0,66870.0,66944.0,66917.2,66900.0,66860.0,66924.0,66892.3,2367353.558645,17943038.5958,1089478.0770797,9675688.0984,2929,3948,1416,2116,195382.23063389127,2.446e-05
125,2024-07-21 10:25:00.000000 +00:00,66924.0,66892.3,66954.01,66930.0,66900.01,66865.8,66917.58,66890.6,1833573.2171515,8999099.0035,1069477.398498,4594325.8929,2660,3489,971,1812,195464.1038958752,2.492e-05
126,2024-07-21 10:30:00.000000 +00:00,66917.58,66890.7,66917.59,66891.1,66893.44,66857.9,66912.01,66886.3,954850.9894249,9885789.3395,487845.703409,4030301.0452,1599,2833,596,1240,195522.0169541136,2.535e-05
127,2024-07-21 10:35:00.000000 +00:00,66912.0,66886.3,66928.42,66905.0,66894.2,66855.5,66894.2,66869.2,1455449.4317011,10884021.459,459745.0585802,3206128.197,1745,2809,657,1143,195523.2706977667,2.626e-05
128,2024-07-21 10:40:00.000000 +00:00,66894.2,66869.1,66906.0,66880.7,66884.0,66846.3,66900.01,66868.4,974174.07152,7786855.2497,497028.6235870999,2558300.4683,1419,2517,731,1022,195551.6581464164,2.671e-05
129,2024-07-21 10:45:00.000000 +00:00,66900.0,66868.5,66900.0,66868.5,66836.75,66801.0,66852.99,66823.0,1860138.6906504,16849541.7487,475862.6736179,3828830.3326,2383,3912,959,1223,195560.29537436203,2.681e-05
130,2024-07-21 10:50:00.000000 +00:00,66852.99,66823.1,66909.2,66882.8,66852.98,66823.0,66900.01,66866.0,899409.4244082,10673620.0659,579245.3676947,8462778.9133,1387,2364,1017,1493,195545.14032501177,2.734e-05
131,2024-07-21 10:55:00.000000 +00:00,66900.01,66866.0,66900.01,66866.0,66798.86,66767.3,66798.87,66767.3,2395266.3101537,20706270.9648,433883.7178667,6309564.0034,2093,4315,436,1083,195618.28513365195,2.77e-05
132,2024-07-21 11:00:00.000000 +00:00,66798.86,66767.3,66837.69,66816.4,66788.0,66750.0,66837.34,66812.7,1884437.5427089,15992488.6881,1257174.9109248,8545441.7738,3129,4090,1777,2247,195624.8709620583,2.783e-05
133,2024-07-21 11:05:00.000000 +00:00,66837.34,66812.6,66840.0,66819.0,66812.0,66780.0,66818.01,66784.9,674212.2934703,6700987.4728,205234.5388866,2310110.0977,1313,2170,515,827,195688.48287149536,2.829e-05
134,2024-07-21 11:10:00.000000 +00:00,66818.01,66784.9,66853.48,66820.0,66818.0,66784.9,66849.98,66820.0,1602233.6729634,7755216.3039,1251156.1282144,4508733.7521,1440,2154,1067,1223,195731.58107304983,2.87e-05
135,2024-07-21 11:15:00.000000 +00:00,66849.98,66820.0,66867.13,66830.8,66840.0,66806.5,66859.22,66830.8,2196308.7803686,8910868.735,883730.077756,6296891.7996,1674,2037,999,1238,195676.14446855735,2.93e-05
136,2024-07-21 11:20:00.000000 +00:00,66859.22,66830.7,66864.0,66834.9,66812.0,66776.7,66812.01,66784.4,1113417.2660095,9962750.1918,372090.9282936,4352267.1872000005,1708,2564,525,1092,195709.12483116635,2.941e-05
137,2024-07-21 11:25:00.000000 +00:00,66812.01,66784.4,66812.01,66784.5,66760.0,66726.5,66777.22,66739.3,1813134.6258658,21850927.1659,488876.672195,8701623.5321,2306,4269,811,1540,195789.1055465308,2.868e-05
138,2024-07-21 11:30:00.000000 +00:00,66777.22,66739.3,66812.0,66785.0,66754.0,66713.9,66796.01,66764.5,1952327.3185757,22947356.3326,863440.8073046,9778531.6277,2274,3805,1288,1892,195750.87356945977,2.863e-05
139,2024-07-21 11:35:00.000000 +00:00,66796.0,66764.5,66832.08,66805.0,66796.0,66764.4,66832.08,66800.1,534909.441221,6393938.3208,368750.831912,3774788.7392,1195,1616,840,1108,195748.80534293747,2.91e-05
140,2024-07-21 11:40:00.000000 +00:00,66832.07,66800.1,66832.08,66803.1,66792.08,66755.2,66806.0,66777.1,1131144.6708404,8235744.6164,385819.1025267,2714863.7674,1611,2273,661,912,195829.45437302795,2.853e-05
141,2024-07-21 11:45:00.000000 +00:00,66806.0,66777.2,66831.83,66804.8,66788.0,66750.6,66824.0,66794.6,1270900.6361701,8383994.8278,679924.5070781,5658549.7073,2140,2635,1297,1596,195797.3293077884,2.923e-05
142,2024-07-21 11:50:00.000000 +00:00,66824.01,66794.6,66851.14,66825.0,66824.0,66794.5,66848.01,66815.4,705810.7324916,12374724.3271,444901.7665002,6989363.2712,1299,2980,876,1760,195752.5977548023,3.044e-05
143,2024-07-21 11:55:00.000000 +00:00,66848.0,66815.4,66879.99,66854.8,66837.36,66800.7,66879.99,66845.4,1363858.8046786,11641651.4604,1121932.1301125998,9179644.1319,1924,2670,962,1979,195777.17838701693,3.181e-05
144,2024-07-21 12:00:00.000000 +00:00,66879.99,66845.4,66954.99,66926.7,66862.01,66826.7,66952.68,66911.0,3658226.3312157,29422517.0408,2349162.9326751,21862429.8268,2862,6082,1769,4247,195768.28147478547,3.286e-05
145,2024-07-21 12:05:00.000000 +00:00,66952.67,66910.9,66962.5,66939.8,66919.7,66883.4,66962.5,66929.3,2100290.032084,17379013.8774,1303842.712598,8697291.2311,2779,4274,1552,2293,195751.6390788677,3.31e-05
146,2024-07-21 12:10:00.000000 +00:00,66962.49,66929.3,66968.93,66941.0,66938.0,66900.3,66968.93,66930.2,958121.0087171,9863553.4784,573613.2369868,6205073.0464,1508,2901,781,1678,195729.00460136525,3.308e-05
147,2024-07-21 12:15:00.000000 +00:00,66968.93,66930.3,66987.13,66954.1,66906.0,66858.8,66918.0,66884.8,2718235.8936284,19239058.6165,1342651.6071116,6291381.6093999995,3363,4917,1402,1900,195764.32382368532,3.268e-05
148,2024-07-21 12:20:00.000000 +00:00,66917.99,66884.9,66952.81,66927.2,66910.0,66864.9,66940.01,66905.7,1523530.5129761,7695707.9209,774669.5856865,3155645.3535,1931,2631,888,1369,195710.6145374904,3.147e-05
149,2024-07-21 12:25:00.000000 +00:00,66940.0,66905.8,66950.0,66919.8,66930.0,66889.1,66950.0,66915.0,669621.9669457,8074071.3093,386970.6467593,6186638.617000001,1372,1999,696,1113,195713.25017474868,3.106e-05
150,2024-07-21 12:30:00.000000 +00:00,66949.99,66915.0,66975.99,66947.8,66944.0,66903.6,66952.0,66913.9,916202.4732624,8425846.6716,482918.2412375,5320152.7855,1783,2648,871,1454,195703.9014838593,3.086e-05
151,2024-07-21 12:35:00.000000 +00:00,66952.01,66913.9,66952.01,66913.9,66904.0,66862.8,66904.01,66862.8,1316669.7433324,9173827.9671,242737.2842848,2198899.38,2066,2774,683,986,195740.4198739959,3.033e-05
152,2024-07-21 12:40:00.000000 +00:00,66904.0,66862.9,66904.0,66862.9,66852.0,66811.8,66852.01,66816.0,1745398.5588891,19353692.9168,210600.0168231,5047753.236099999,1961,4063,819,1221,195877.7781283614,2.79e-05
153,2024-07-21 12:45:00.000000 +00:00,66852.0,66816.0,66870.69,66841.4,66840.0,66800.0,66862.5,66833.5,1190644.5643857,11072629.0057,782484.0395289,5151764.7045,2062,2996,1161,1390,195884.3972958113,2.722e-05
154,2024-07-21 12:50:00.000000 +00:00,66862.49,66833.5,66887.5,66860.0,66862.49,66831.4,66878.01,66843.4,648645.1305107999,8016655.3053,284402.72751229996,3356724.0042,1642,1962,988,934,195878.167636772,2.749e-05
155,2024-07-21 12:55:00.000000 +00:00,66878.0,66843.4,66936.32,66912.8,66878.0,66843.3,66928.02,66892.5,1348728.0875594,11797856.6403,835978.9390178,7491500.5796,1832,2784,1160,1816,195815.92970544743,2.798e-05
156,2024-07-21 13:00:00.000000 +00:00,66928.02,66892.5,66960.0,66933.5,66928.01,66892.4,66960.0,66927.0,1669337.1392942,16239312.3809,703032.3987957999,9094942.5115,1580,3082,953,1749,195833.4278619169,2.91e-05
157,2024-07-21 13:05:00.000000 +00:00,66959.99,66927.0,66961.91,66934.9,66944.0,66907.0,66961.91,66934.1,1393436.8095944,9851012.4645,978830.8479828,5662915.2606,1780,2758,1033,1432,195810.9423841051,2.952e-05
158,2024-07-21 13:10:00.000000 +00:00,66961.91,66934.0,66961.91,66935.0,66936.32,66898.8,66954.01,66919.7,790160.9651714,10590850.2992,319524.5330444,5962692.3356,2243,2471,786,1226,195857.37943368833,2.994e-05
159,2024-07-21 13:15:00.000000 +00:00,66954.0,66919.8,66954.01,66919.8,66890.0,66848.2,66890.01,66856.0,1222621.674867,13660888.0322,209843.8908893,3518560.5684,1847,3369,430,1099,195976.4073758666,2.798e-05
160,2024-07-21 13:20:00.000000 +00:00,66890.01,66854.4,66916.0,66889.0,66882.01,66842.7,66882.02,66842.7,2470472.7036586,9493892.7856,1193854.5631549,3450047.3861,1817,2238,922,1022,195956.7077844596,2.757e-05
161,2024-07-21 13:25:00.000000 +00:00,66882.02,66842.7,66882.02,66847.6,66850.0,66811.0,66878.01,66843.0,1554397.7015992,14515257.2864,413829.3977277,4498190.8619,1923,2641,686,1175,196020.10760678689,2.576e-05
162,2024-07-21 13:30:00.000000 +00:00,66878.0,66843.0,66878.01,66843.0,66706.04,66658.5,66715.92,66680.5,4278477.8966207,59818972.18,1137215.5107218,13242703.0201,4352,8501,1357,2080,196128.9592951894,2.437e-05
163,2024-07-21 13:35:00.000000 +00:00,66715.92,66680.4,66758.0,66729.0,66616.0,66571.3,66629.19,66596.3,5643372.1094495,91187461.6509,1598082.4614527998,38924013.2857,5315,13329,2218,5321,196612.59123463737,2.239e-05
164,2024-07-21 13:40:00.000000 +00:00,66629.2,66596.2,66723.3,66699.0,66622.18,66583.3,66723.29,66699.0,5704658.4540887,63490446.3366,3573141.340841,40312435.5291,4834,10224,2926,6643,196579.24475147697,2.11e-05
165,2024-07-21 13:45:00.000000 +00:00,66723.3,66698.9,66723.3,66699.0,66666.98,66630.1,66716.0,66690.0,1505231.6063612,27303869.8708,786483.1919793,13248210.5964,3366,6029,1539,2979,196634.5304891801,2.159e-05
166,2024-07-21 13:50:00.000000 +00:00,66715.99,66690.0,66766.01,66743.1,66698.0,66666.7,66766.01,66740.8,2872054.5544682,35400665.5163,1832357.9044713,21284607.9586,2923,6324,1910,3845,196601.3577679668,2.298e-05
167,2024-07-21 13:55:00.000000 +00:00,66766.0,66740.7,66789.4,66763.4,66751.23,66713.5,66760.01,66731.9,2660606.8156718,14946112.5621,494441.0342818,8455965.0197,2164,3981,740,1957,196688.9627921213,2.367e-05
168,2024-07-21 14:00:00.000000 +00:00,66760.01,66731.9,66812.5,66784.0,66732.0,66692.6,66732.0,66694.6,3619065.7951321,23093263.3411,1789735.9711137,10640475.7086,3633,5927,1475,2477,197045.16096875092,2.319e-05
169,2024-07-21 14:05:00.000000 +00:00,66732.01,66694.7,66812.0,66785.2,66682.0,66642.0,66811.99,66785.1,3147905.8562497,23954360.8582,2008022.7917367,10057422.4897,4952,6027,2249,3241,197142.23479975175,2.222e-05
170,2024-07-21 14:10:00.000000 +00:00,66812.0,66785.2,67026.0,67000.0,66811.99,66785.2,66950.01,66912.9,5762584.9307848,94546685.0856,4023458.6111133,59299757.0052,7402,16986,4865,10267,196702.23117673627,2.394e-05
171,2024-07-21 14:15:00.000000 +00:00,66950.0,66912.9,67148.72,67145.0,66950.0,66912.9,67050.01,67010.4,10456978.4307798,121894267.7932,7112963.1743658995,77981771.8597,8864,21521,5172,13520,196573.9358911971,2.424e-05
172,2024-07-21 14:20:00.000000 +00:00,67050.0,67010.4,67160.68,67131.7,67050.0,67007.4,67132.01,67090.2,5804151.9722788,45020593.5164,3865284.5627288,25044433.1907,4650,10250,2742,5699,196614.9749227425,2.353e-05
173,2024-07-21 14:25:00.000000 +00:00,67132.0,67090.2,67182.01,67149.8,67060.0,67020.0,67108.0,67076.1,5307312.7776747,49831682.1959,2529542.2060451,18572070.3015,4846,9859,2493,4355,196639.86583514977,2.123e-05
174,2024-07-21 14:30:00.000000 +00:00,67108.01,67077.6,67110.01,67079.7,67033.25,66994.0,67086.01,67047.4,3586783.3257681,37811141.1956,2235993.728373,16494557.4533,3866,7680,1598,3405,196713.68919955916,1.966e-05
175,2024-07-21 14:35:00.000000 +00:00,67086.01,67047.4,67344.17,67333.0,67086.0,67044.3,67266.0,67242.0,11629314.8325894,155557330.2115,8508071.2746924,110091058.7283,10081,24966,6795,16515,196507.5138718997,1.88e-05
176,2024-07-21 14:40:00.000000 +00:00,67266.01,67242.0,67379.91,67355.0,67264.0,67223.3,67375.93,67351.9,7131063.950437,119043364.5795,4848460.045193,64360802.7091,7230,20874,3525,11329,196788.7505242255,1.895e-05
177,2024-07-21 14:45:00.000000 +00:00,67375.92,67352.0,67392.68,67377.9,67239.99,67200.1,67350.0,67324.0,6974094.8356556995,83557858.2014,3429316.4118882,34899117.936,6499,16237,2893,7321,197107.3710181956,1.879e-05
178,2024-07-21 14:50:00.000000 +00:00,67349.99,67323.9,67388.0,67358.0,67280.0,67237.4,67327.99,67298.0,6578530.3030549,34284560.4772,4447391.3404316,13001793.8909,5611,8964,1840,3813,197337.38331697512,1.843e-05
179,2024-07-21 14:55:00.000000 +00:00,67328.0,67298.1,67350.0,67325.9,67280.0,67239.4,67290.76,67250.8,4497418.2984749,31366869.9693,1475229.864839,11792284.9006,3976,6822,1237,2748,197345.04811183337,1.711e-05
180,2024-07-21 15:00:00.000000 +00:00,67290.75,67250.9,67392.0,67355.0,67290.75,67249.6,67333.92,67298.0,4551476.8119797995,52702726.822,2380955.4060556,36581236.2767,6349,8119,2502,4726,197466.90412129552,1.608e-05
181,2024-07-21 15:05:00.000000 +00:00,67333.93,67299.2,67370.0,67338.2,67116.0,67075.6,67150.01,67119.0,7152452.8445756,78335278.1735,2538055.6800415,23336458.1391,7918,15109,3544,5888,197081.47564237157,1.397e-05
182,2024-07-21 15:10:00.000000 +00:00,67150.01,67119.1,67225.56,67200.0,67119.04,67072.6,67138.01,67106.5,3365714.4752029,40856831.4367,1598714.2325758,20455731.8818,10527,8917,1616,4434,197143.8835095599,1.356e-05
183,2024-07-21 15:15:00.000000 +00:00,67138.01,67106.4,67171.55,67141.4,67056.0,67013.1,67096.0,67061.6,3139299.6862622,44663344.4845,1526847.5602275,20462299.7068,4253,9385,1744,4444,197076.09259671188,1.21e-05
184,2024-07-21 15:20:00.000000 +00:00,67096.0,67061.7,67212.01,67184.9,67068.0,67030.0,67170.68,67139.0,5181924.2665817,41353188.6628,2631311.4187413,25007737.1893,4660,9027,2545,5328,197084.13948636383,1.117e-05
185,2024-07-21 15:25:00.000000 +00:00,67170.68,67139.0,67220.01,67188.0,67170.68,67138.9,67220.0,67185.0,2683602.1303502,26688449.4397,1063305.5903098,10678697.4452,2436,5343,1365,2803,197205.10479607,9.65e-06
186,2024-07-21 15:30:00.000000 +00:00,67220.01,67185.0,67499.99,67498.0,67220.0,67184.9,67416.0,67385.7,14473912.4269737,180326257.8702,10314811.0976828,117427544.0428,14402,28032,7307,16715,196875.98999928412,1.039e-05
187,2024-07-21 15:35:00.000000 +00:00,67416.0,67385.7,67433.84,67409.1,67334.0,67293.1,67346.0,67315.3,4308652.3742,47271639.2905,1726635.4906074998,19468909.4502,4678,9566,1982,4242,196947.7039309991,1.005e-05
188,2024-07-21 15:40:00.000000 +00:00,67345.99,67315.2,67366.01,67340.0,67210.0,67165.4,67212.0,67171.0,3664318.9880627,43746946.1,1470289.1467345,13282651.8865,4317,9033,1524,3107,196901.42166287743,9.58e-06
189,2024-07-21 15:45:00.000000 +00:00,67212.0,67171.0,67222.0,67185.8,66971.48,66941.8,67072.78,67040.6,6547567.3750363,127188693.3961,2702591.6388133,55494119.3615,9718,20341,3530,9138,196693.2984537683,7.64e-06
190,2024-07-21 15:50:00.000000 +00:00,67072.78,67040.6,67136.01,67106.7,67072.78,67034.3,67118.0,67080.0,1908003.7929659,34001366.4826,885923.9783344,21839558.3535,4426,8364,1907,4583,196708.4083629001,6.57e-06
191,2024-07-21 15:55:00.000000 +00:00,67118.0,67080.0,67174.0,67137.0,67066.0,67021.1,67164.0,67130.9,3557438.4193989,34562016.0551,1945132.4509599,16773473.9663,3563,6421,1946,3406,196610.1227082662,6.46e-06
192,2024-07-21 16:00:00.000000 +00:00,67164.0,67130.9,67183.99,67146.2,67134.0,67091.1,67172.01,67141.2,2866669.4252421,20402338.7919,1263642.5867877,11763312.0864,3298,5067,1695,2605,196605.62981957567,5.11e-06
193,2024-07-21 16:05:00.000000 +00:00,67172.01,67141.2,67216.01,67186.1,67098.0,67053.5,67112.01,67080.7,2809881.3414194,25150107.4061,1442178.7988945,11312124.8374,3625,6275,1737,2921,196628.41215773168,3.11e-06
194,2024-07-21 16:10:00.000000 +00:00,67112.01,67080.7,67244.01,67214.8,67112.01,67080.7,67204.01,67169.9,3464366.3425837,27850348.5939,1874773.8642093,18197172.7532,4520,6717,2671,3887,196504.1754890785,1.99e-06
195,2024-07-21 16:15:00.000000 +00:00,67204.01,67170.0,67212.01,67180.2,67018.18,66974.1,67029.99,66993.7,3593508.0459843,52627980.0502,786941.720489,13060307.7404,4479,9589,1846,3087,196586.05725293444,2.5e-07
196,2024-07-21 16:20:00.000000 +00:00,67029.99,66993.7,67048.0,67018.7,66952.21,66905.8,67047.99,67018.7,7108862.7805036,89604499.1967,3519730.9158368,44362459.4005,5654,14408,2577,7154,196579.86111879747,-2.61e-06
197,2024-07-21 16:25:00.000000 +00:00,67047.99,67018.7,67072.0,67039.4,66998.0,66960.2,67064.0,67035.0,4336596.3696919,29515616.0562,1829964.4622273,14354392.116,3751,6257,1614,3025,196565.9895335508,-4.56e-06
198,2024-07-21 16:30:00.000000 +00:00,67063.99,67034.9,67066.01,67035.0,66973.01,66937.5,66973.02,66937.5,3202476.9392926,30950334.6013,1028361.6629589,8601111.7301,3610,6199,1276,2542,196612.0333875895,-5.58e-06
199,2024-07-21 16:35:00.000000 +00:00,66973.02,66937.5,67059.19,67030.0,66973.01,66937.5,67046.01,67001.2,2296563.5547107,16214062.2557,1320244.2175835,8684281.4388,3112,5073,1833,2946,196515.3718455567,-6.67e-06
200,2024-07-21 16:40:00.000000 +00:00,67046.0,67001.2,67082.0,67043.1,67034.0,66989.6,67054.0,67010.7,1896284.6245458,26757494.4283,1003408.7863973,18475301.9716,2551,3797,1307,1906,196472.82401755807,-7.76e-06
201,2024-07-21 16:45:00.000000 +00:00,67054.01,67010.7,67466.67,67451.1,67031.0,66985.9,67388.0,67348.4,19187290.9424347,212115043.1481,12863111.968685,146001686.4356,13097,31247,8297,19364,196996.12401958625,-9.34e-06
202,2024-07-21 16:50:00.000000 +00:00,67388.0,67348.3,67588.0,67586.9,67366.0,67327.1,67574.01,67551.3,17704899.8073543,172570387.193,11400664.4645294,100298797.6889,18541,29450,6907,16062,196803.75474107303,-9.13e-06
203,2024-07-21 16:55:00.000000 +00:00,67574.01,67551.3,67590.0,67570.6,67462.0,67429.9,67554.0,67524.7,12981745.7400585,96283530.9754,6242439.9531449,30464911.4374,7540,17362,3376,6739,196453.0903435159,-6.94e-06
204,2024-07-21 17:00:00.000000 +00:00,67553.99,67524.6,67713.0,67719.8,67411.76,67371.0,67413.99,67386.0,26658954.9651908,269760391.6649,16225173.1536239,131709695.9607,23738,41731,16266,20355,196534.98058692855,-6.77e-06
205,2024-07-21 17:05:00.000000 +00:00,67414.0,67386.1,67521.21,67500.0,67344.57,67300.0,67515.18,67489.3,8068018.1190924,101020317.2805,5072560.7915233,60954496.9457,6727,18180,3611,10410,196819.61223873237,-6.49e-06
206,2024-07-21 17:10:00.000000 +00:00,67515.18,67489.3,67515.18,67489.3,67450.49,67416.2,67497.66,67470.0,3507257.4564205,31317404.9696,1522490.0222738,11724247.6106,3351,7019,1667,3298,196990.23182878917,-6.16e-06
207,2024-07-21 17:15:00.000000 +00:00,67497.67,67470.1,67500.0,67477.7,67294.0,67260.0,67342.0,67308.6,4596315.5095964,69931648.458,1975493.6280648,31916677.8765,5949,12150,2233,4945,197017.3373256543,-6.05e-06
208,2024-07-21 17:20:00.000000 +00:00,67342.0,67308.5,67406.5,67379.2,67338.0,67295.4,67388.01,67350.0,3209589.7885459,35641174.8905,1766102.4611281,18425887.8967,4082,7760,2238,3960,197064.33817531995,-6.8e-06
209,2024-07-21 17:25:00.000000 +00:00,67388.01,67350.0,67388.01,67350.0,67300.0,67258.1,67344.01,67309.1,3127824.9498725,30035087.4841,1399033.7309015,16627818.8412,3334,6293,1532,3200,197239.3300315493,-7.76e-06
210,2024-07-21 17:30:00.000000 +00:00,67344.01,67309.2,67380.0,67354.6,67300.0,67265.0,67354.0,67322.9,3816757.5820131,48733089.3221,1922796.1021361,24274121.2191,3763,8015,1630,4333,197200.07726694504,-8.04e-06
211,2024-07-21 17:35:00.000000 +00:00,67354.0,67322.9,67394.01,67362.4,67326.0,67292.0,67394.0,67362.4,6211903.1056297,47176862.2486,3542243.5568624,28313418.5762,3235,7018,1686,4081,197141.2446561777,-8.55e-06
212,2024-07-21 17:40:00.000000 +00:00,67394.0,67362.3,67438.0,67420.0,67378.0,67335.1,67378.01,67344.9,2205112.3485873,28222977.1246,1004357.8283457,19618592.4716,2257,6299,840,3657,197215.33970743045,-8.07e-06
213,2024-07-21 17:45:00.000000 +00:00,67378.01,67344.8,67378.01,67347.2,67145.0,67105.2,67160.0,67122.4,8067717.07616,68796740.2853,2221816.3794819,25675490.5491,8183,12702,1631,4525,197276.18393077856,-9.61e-06
214,2024-07-21 17:50:00.000000 +00:00,67160.0,67122.5,67164.01,67144.0,66484.55,66399.0,66679.0,66654.9,48728112.1453316,500981010.578,19231370.4276566,201739715.9395,37495,79268,12848,33780,195413.6609599164,-1.142e-05
215,2024-07-21 17:55:00.000000 +00:00,66679.01,66654.9,66798.01,66775.7,66591.99,66550.8,66648.01,66620.9,15408323.2095192,165527299.6188,8507328.1591613,89263276.8229,11013,30704,6375,15783,195792.3308149881,-8.78e-06
216,2024-07-21 18:00:00.000000 +00:00,66648.01,66620.9,66757.0,66748.0,66408.38,66400.0,66442.0,66420.6,35964893.932068,176502675.5302,19743263.2345828,78106598.7579,16961,32866,7534,15559,196751.3730129157,-6.37e-06
217,2024-07-21 18:05:00.000000 +00:00,66442.0,66420.6,66532.62,66515.9,66033.0,66000.0,66044.0,66018.7,44849677.28064,472577729.9429,17891188.5959795,195040212.5772,29647,67883,10146,29751,196850.7090464807,-5.66e-06
218,2024-07-21 18:10:00.000000 +00:00,66044.0,66018.7,66304.0,66439.2,65777.0,65750.0,66276.01,66258.0,62549687.6156847,613829829.5505,33910742.0843483,324624509.9952,35485,90763,17221,49091,196016.8073741916,-5.52e-06
219,2024-07-21 18:15:00.000000 +00:00,66276.0,66258.0,66511.3,66477.1,66250.0,66229.1,66483.65,66449.3,41810181.9742631,342117930.8274,26862128.638468,174320878.8583,19710,48874,12645,26266,196829.53331014875,5.9e-07
220,2024-07-21 18:20:00.000000 +00:00,66483.66,66449.4,66772.01,66745.0,66389.08,66345.7,66768.94,66733.9,27150144.7339777,241045147.2895,16069948.1929163,149017521.6572,16449,36655,10264,20178,196750.6394097394,1.47e-06
221,2024-07-21 18:25:00.000000 +00:00,66768.94,66733.9,67084.89,67060.2,66687.99,66648.4,66970.01,66941.9,18724422.8471358,258487785.4238,10143285.1192795,146200203.6581,17425,37045,11066,20233,195963.5980050836,1.06e-06
222,2024-07-21 18:30:00.000000 +00:00,66970.0,66942.0,67336.01,67322.0,66900.0,66867.6,67196.01,67164.1,26039111.2062209,350518765.1046,13060317.9286093,188245426.6385,24089,55140,12605,28204,194151.07606455023,4.33e-06
223,2024-07-21 18:35:00.000000 +00:00,67196.02,67164.2,67196.02,67164.2,66900.0,66857.3,66986.61,66947.2,17889268.2059359,208670954.7463,9666800.9273969,77983772.5205,15806,32743,5601,13730,193836.1617267157,4.8e-06
224,2024-07-21 18:40:00.000000 +00:00,66986.6,66947.1,67113.66,67087.1,66900.0,66857.1,66931.29,66899.9,16329766.004079,76971270.0203,9313923.9899434,37113629.4509,11877,17553,4296,8238,193696.8439486836,4.4e-06
225,2024-07-21 18:45:00.000000 +00:00,66931.29,66900.0,67026.01,66994.4,66790.9,66748.7,66829.01,66799.8,13836569.672819,84925219.3864,7221356.6419686,35903348.7335,11390,18442,3868,7723,193562.4932548468,4.05e-06
226,2024-07-21 18:50:00.000000 +00:00,66829.0,66799.9,66986.01,66956.4,66812.42,66762.7,66942.01,66901.3,9436472.8761028,63384906.6279,4442486.2508737,32653588.1837,7024,13715,3669,7392,193562.6478657987,4e-06
227,2024-07-21 18:55:00.000000 +00:00,66942.01,66901.4,66942.01,66904.0,66862.0,66823.0,66864.42,66830.0,2054766.3192375,20656258.4171,631341.8143221,8236167.3511,3605,5787,1118,2583,193691.82361386,3.66e-06
228,2024-07-21 19:00:00.000000 +00:00,66864.43,66830.1,66869.7,66844.0,66782.6,66752.3,66839.93,66800.0,4012801.5055587,50827717.2001,1529674.8657588,17878093.2053,5414,9737,2118,4406,193973.37781890205,3.56e-06
229,2024-07-21 19:05:00.000000 +00:00,66839.93,66800.1,67046.02,67018.4,66839.93,66800.0,67012.95,66980.1,5491253.9761204,57982028.6396,4110513.5908484,39790543.9214,5873,11194,3645,7322,193867.16355575697,5.51e-06
230,2024-07-21 19:10:00.000000 +00:00,67012.95,66980.1,67040.0,67010.0,66878.0,66840.0,66964.0,66939.7,3749866.1278054,29482926.3584,1568376.6650806998,12496120.0218,5018,8459,2150,3821,193765.49041604347,5.45e-06
231,2024-07-21 19:15:00.000000 +00:00,66964.01,66939.7,66982.01,66960.0,66912.0,66880.0,66982.01,66959.9,2029379.6915784,24317154.0769,986624.4552452,14006607.0884,3175,5641,1499,2901,193683.72327564165,6.71e-06
232,2024-07-21 19:20:00.000000 +00:00,66982.01,66960.0,67157.07,67135.6,66955.86,66925.4,67146.0,67114.1,4119726.463827,52911100.9635,2873237.1036036,36835433.9904,4933,9966,3328,6499,193389.811822131,9.07e-06
233,2024-07-21 19:25:00.000000 +00:00,67146.0,67114.1,67405.18,67416.7,67060.0,67020.8,67317.81,67288.1,12121173.1518925,137102954.0908,8038819.8312925,93689185.9509,11043,23820,7255,15097,192702.3688047842,9.33e-06
234,2024-07-21 19:30:00.000000 +00:00,67317.8,67288.1,67712.99,67700.0,67308.91,67278.4,67456.01,67431.1,36001127.4518043,286580655.0016,22567046.8861327,166258132.6772,25050,51070,15153,27666,192115.3994089728,1.27e-05
235,2024-07-21 19:35:00.000000 +00:00,67456.0,67431.1,67532.01,67506.8,67275.0,67243.0,67288.0,67267.1,8816896.2136952,87157455.1031,3503802.8794788,31139219.7599,7949,18740,2867,7617,191832.28811275284,1.363e-05
236,2024-07-21 19:40:00.000000 +00:00,67288.0,67267.0,67322.01,67299.2,67212.0,67180.9,67309.99,67289.0,3701884.2519385,63381573.531,1576379.9283337,26398707.3849,5277,10708,2164,5222,191474.7616194116,1.469e-05
237,2024-07-21 19:45:00.000000 +00:00,67309.98,67289.1,67413.28,67394.0,67244.0,67210.9,67379.99,67345.0,4694388.4219438,40635248.5281,2821822.3236174,23556415.2165,5476,12119,3277,6997,191507.4040081062,1.713e-05
238,2024-07-21 19:50:00.000000 +00:00,67379.99,67345.1,67424.01,67399.0,67254.0,67220.4,67340.01,67317.5,3762200.8561324,33949198.5637,1509928.5044785,15278599.5186,5106,9910,2579,4475,191539.99579565725,1.922e-05
239,2024-07-21 19:55:00.000000 +00:00,67340.01,67317.4,67426.01,67400.0,67314.85,67285.6,67422.02,67391.4,2573369.7292743,29896896.4509,1532795.436708,17992504.9996,3717,7439,2340,4098,191607.90489462097,2.183e-05
240,2024-07-21 20:00:00.000000 +00:00,67422.03,67391.5,67464.01,67441.7,67274.69,67247.9,67298.01,67266.7,4683134.9283657,55723402.9614,2152191.3901572,26163029.4107,5778,10649,2794,4278,191769.39022979332,2.357e-05
241,2024-07-21 20:05:00.000000 +00:00,67298.0,67266.7,67402.01,67386.3,67275.81,67239.9,67382.0,67359.9,2168766.2693388,29119312.4909,1204078.4699447,19064425.0968,2942,7047,1783,3976,191612.99134195145,2.555e-05
242,2024-07-21 20:10:00.000000 +00:00,67382.01,67360.0,67562.0,67544.0,67368.0,67335.0,67450.37,67429.3,4373993.9236753,51186565.0604,2532372.9560566,29869123.9606,5373,10882,3148,6011,191573.79676076717,2.877e-05
243,2024-07-21 20:15:00.000000 +00:00,67450.38,67429.3,67809.33,67822.4,67450.38,67428.0,67728.0,67702.5,15437229.953482,174737137.6329,11462737.4395192,121722665.6858,13843,30996,9745,19631,191971.18224297263,3.188e-05
244,2024-07-21 20:20:00.000000 +00:00,67728.0,67702.5,68000.0,67988.0,67657.15,67627.7,67967.49,67938.0,30406459.707977,279925143.7704,16759216.584513,170415677.7564,22767,50134,13739,28080,191151.65139607,3.503e-05
245,2024-07-21 20:25:00.000000 +00:00,67967.5,67938.1,68186.0,68175.0,67912.0,67881.6,68124.5,68085.3,36433892.3671767,251978212.3873,25192853.402042,143291467.7555,21936,45783,15005,25287,190987.80359582347,3.63e-05
246,2024-07-21 20:30:00.000000 +00:00,68124.5,68085.3,68209.16,68198.9,67969.01,67942.1,68002.0,67976.0,13576348.9441965,143040082.9463,6649426.8207142,65632019.5168,12108,28113,6167,11942,191048.91531148265,3.802e-05
247,2024-07-21 20:35:00.000000 +00:00,68002.0,67976.0,68110.01,68103.7,67941.99,67906.4,68110.0,68098.2,9343225.6189934,116946349.5148,5836097.5558851,54892715.2076,6785,19206,3388,8947,191267.92725270413,3.873e-05
248,2024-07-21 20:40:00.000000 +00:00,68110.01,68098.2,68159.35,68145.5,67942.56,67917.8,68014.07,67987.7,8742541.3088069,80348911.1552,3811561.9729682,38714035.3165,8923,19383,3873,9664,191681.78081681137,4.138e-05
249,2024-07-21 20:45:00.000000 +00:00,68014.06,67987.8,68026.01,67995.4,67832.0,67792.5,67864.66,67842.7,9038054.8912432,86302283.5468,4360131.6686837,33884575.4079,8388,17883,3268,7464,191636.0526070004,4.392e-05
250,2024-07-21 20:50:00.000000 +00:00,67864.65,67842.6,67978.01,67961.1,67785.48,67767.0,67928.82,67900.6,8342173.7532533,60101644.2602,4158783.0646717,31109641.6271,7641,14250,3676,7727,191635.80184749543,4.763e-05
251,2024-07-21 20:55:00.000000 +00:00,67928.81,67900.6,67928.82,67900.7,67692.82,67659.8,67723.91,67708.3,9228600.9086602,86242128.2197,3134947.2323311,28597468.6933,7809,19295,2680,7292,191382.82578933213,4.986e-05
252,2024-07-21 21:00:00.000000 +00:00,67723.91,67708.2,67828.0,67806.6,67702.0,67667.3,67766.01,67739.9,7166281.6670276,48109507.6461,3439419.4319438,29105683.6373,5912,11598,3176,6611,191235.19356258409,5.257e-05
253,2024-07-21 21:05:00.000000 +00:00,67766.0,67740.0,67792.01,67767.9,67694.0,67657.0,67702.0,67674.0,4241940.7999892,34041644.6817,1332619.411589,13157872.9658,3879,7497,1523,3535,191109.65911449716,5.484e-05
254,2024-07-21 21:10:00.000000 +00:00,67702.01,67674.0,67702.01,67674.0,67564.2,67522.8,67632.01,67608.4,7875675.1058068,75799245.4318,3692133.0680637,34575062.1431,7084,12848,2358,5998,190869.84965378867,5.565e-05
255,2024-07-21 21:15:00.000000 +00:00,67632.01,67608.4,67834.81,67794.3,67606.0,67572.8,67787.26,67750.0,13032677.3668849,57314515.3913,9166691.3651705,39016341.8841,6943,11078,4342,7215,190610.00485966745,5.694e-05
256,2024-07-21 21:20:00.000000 +00:00,67787.26,67750.1,67852.01,67822.4,67720.51,67680.2,67758.01,67730.1,4812260.7769361,32686626.3663,1482894.1525577,16942315.6138,4165,7116,1418,3431,190690.48076785743,5.635e-05
257,2024-07-21 21:25:00.000000 +00:00,67758.0,67730.1,67875.0,67860.0,67758.0,67730.0,67812.93,67775.2,4801279.4255206,32684730.5414,2812338.6466248,22417657.6237,3951,7437,1955,4755,190696.52406294263,5.612e-05
258,2024-07-21 21:30:00.000000 +00:00,67812.94,67775.3,67854.01,67832.9,67812.94,67775.2,67854.01,67829.6,1448603.8659848,16361919.4388,942891.0828,10778734.1964,1913,4371,1130,2767,190738.8021922892,5.594e-05
259,2024-07-21 21:35:00.000000 +00:00,67854.01,67829.6,68298.02,68292.6,67854.0,67829.5,68162.01,68132.2,19942174.8800098,202685906.3108,11693590.2880537,130051611.0134,16365,33341,11310,21252,190617.88255163975,5.881e-05
260,2024-07-21 21:40:00.000000 +00:00,68162.01,68131.4,68204.01,68183.4,68002.52,67960.8,68086.44,68067.8,6626052.3822925,62520923.5462,2586764.5283653,19546627.6257,5077,14168,1971,5963,191026.4848087548,5.98e-05
261,2024-07-21 21:45:00.000000 +00:00,68086.43,68067.9,68088.01,68067.9,67974.66,67941.2,68078.01,68057.0,3434758.1046022,31198360.1227,1875569.8871333,16442302.8086,3386,8925,1340,4456,191075.80683586837,6.086e-05
262,2024-07-21 21:50:00.000000 +00:00,68078.01,68056.9,68280.27,68251.3,68078.0,68056.9,68100.6,68077.3,9129315.4896114,61163975.8415,4222599.4179587,33018774.9523,6178,13795,3368,7311,191276.72080264508,6.34e-05
263,2024-07-21 21:55:00.000000 +00:00,68100.6,68077.4,68220.01,68202.5,68100.6,68067.3,68193.99,68169.8,2896277.5486016,26903370.6123,1930814.5314982,15413398.2841,3075,6682,1853,3977,191257.2240853705,6.546e-05
264,2024-07-21 22:00:00.000000 +00:00,68194.0,68169.8,68366.66,68351.2,68176.0,68150.0,68264.01,68240.7,14431452.2879626,119526536.411,8645447.878134,66795724.435,10945,23452,6580,13035,191412.0377223986,6.893e-05
265,2024-07-21 22:05:00.000000 +00:00,68264.01,68240.7,68302.01,68280.1,68070.0,68036.6,68186.01,68160.8,8579037.1581821,99826097.8776,4363969.2659964,42198155.2888,8247,18977,3883,8616,191626.96549151067,6.964e-05
266,2024-07-21 22:10:00.000000 +00:00,68186.0,68160.9,68192.01,68172.9,68068.0,68038.0,68078.0,68050.0,4033375.0031304,35116791.685,1523369.7361364,12194987.2817,3719,8399,1399,3298,191733.77829590824,7.153e-05
267,2024-07-21 22:15:00.000000 +00:00,68078.0,68050.0,68144.01,68123.0,68038.0,68009.6,68046.0,68013.1,2567913.2778306,27789813.247,1333056.6826802,12466275.4925,3550,7458,1558,3357,191758.962613803,7.435e-05
268,2024-07-21 22:20:00.000000 +00:00,68046.01,68013.2,68126.2,68092.9,68040.0,68006.5,68050.01,68024.0,2236083.4090857,23864840.3523,1130932.0001284,11135755.4389,2455,5949,1274,2898,191779.82083107223,7.572e-05
269,2024-07-21 22:25:00.000000 +00:00,68050.0,68024.0,68094.01,68073.2,68016.0,67982.9,68042.01,68010.4,2594284.4460754,42507903.5967,1268387.0039373,19931568.9234,2829,6657,1114,3202,191755.09292612376,7.644e-05
270,2024-07-21 22:30:00.000000 +00:00,68042.01,68010.4,68131.9,68100.0,68026.0,67993.2,68070.01,68043.0,3023674.5433439,24748239.3373,1455676.578799,16042264.1141,3055,5962,1547,3412,191801.1154330999,7.685e-05
271,2024-07-21 22:35:00.000000 +00:00,68070.01,68042.9,68070.01,68042.9,67934.0,67902.0,67980.01,67954.9,5633827.8665873,32198415.6596,1854950.3436406,9504089.5018,4993,8373,1494,3263,191917.94595086668,7.778e-05
272,2024-07-21 22:40:00.000000 +00:00,67980.0,67954.9,68030.01,68008.2,67980.0,67950.1,67984.01,67960.1,3036081.9556783,16112617.4886,1155087.792259,10427709.9273,2533,5261,1224,2894,191849.65866377729,7.895e-05
273,2024-07-21 22:45:00.000000 +00:00,67984.01,67962.0,68079.74,68057.4,67984.0,67953.4,67990.01,67967.2,2460266.1969912997,20064211.7787,1363188.9403897,12651098.5003,2733,5668,1357,3142,191858.9381890608,8.009e-05
274,2024-07-21 22:50:00.000000 +00:00,67990.0,67967.2,68016.0,67989.8,67968.92,67945.0,67998.49,67967.0,2248041.6680257,18725313.0762,948604.2216914,6915380.0129,2184,4197,1002,2030,191857.6554287272,8.046e-05
275,2024-07-21 22:55:00.000000 +00:00,67998.49,67967.0,68040.01,68016.3,67996.0,67958.7,68012.0,67987.4,2485893.0067696,14766522.8189,1461427.2337479,7944082.5577,2320,4422,1267,2449,191880.43340058916,8.064e-05
276,2024-07-21 23:00:00.000000 +00:00,68012.01,67987.5,68156.01,68136.9,68012.0,67987.4,68126.01,68100.0,2965116.1737403,35176741.2903,1743400.8723519,23733234.2713,3136,8268,1997,5437,191869.08403640817,8.232e-05
277,2024-07-21 23:05:00.000000 +00:00,68126.01,68100.0,68200.0,68181.0,68086.12,68049.5,68093.36,68060.1,3432053.1910722,29724568.5491,1702965.262377,15006311.9742,3863,8721,1911,4256,192042.1207854204,8.462e-05
278,2024-07-21 23:10:00.000000 +00:00,68093.35,68060.0,68148.01,68123.4,68050.16,68014.8,68118.0,68094.3,4889991.3003316,31915659.403,3049241.2367195,18833751.85,3505,7897,1718,4205,192136.68816508137,8.451e-05
279,2024-07-21 23:15:00.000000 +00:00,68118.0,68094.3,68150.0,68122.9,68020.0,67980.7,68116.0,68083.9,4570438.3168881,51772474.6643,1826857.3832754,29113020.3171,4063,10048,1797,5030,192288.3022054116,8.551e-05
280,2024-07-21 23:20:00.000000 +00:00,68115.99,68084.0,68122.98,68096.2,68062.0,68018.7,68078.01,68046.1,2180027.5210899,20313113.5127,903935.8254748,5768945.2869,2068,5382,814,1978,192317.32057659008,8.597e-05
281,2024-07-21 23:25:00.000000 +00:00,68078.01,68046.2,68092.01,68063.7,68052.0,68014.8,68052.0,68026.5,1257550.1307857,13269571.355,466200.0956336,6738052.154399999,1700,4203,703,1820,192418.7381579746,8.589e-05
282,2024-07-21 23:30:00.000000 +00:00,68052.0,68026.6,68074.01,68050.0,68000.0,67962.5,68000.0,67972.0,2643203.6500664,19300054.4537,500141.8147737,7699652.6969,2504,4748,928,1844,192495.3399005959,8.64e-05
283,2024-07-21 23:35:00.000000 +00:00,68000.0,67971.9,68032.01,68004.7,67963.45,67930.3,67964.01,67932.0,2421691.8372532,26960569.1863,852715.2257589999,9320089.3463,2241,5221,810,1756,192692.9317308709,8.623e-05
284,2024-07-21 23:40:00.000000 +00:00,67964.0,67932.2,67990.01,67968.7,67954.0,67922.2,67954.01,67924.1,2640294.0324123,18081661.697,1018586.7771578,6711755.7021,2321,4899,1061,1913,192711.3972002147,8.599e-05
285,2024-07-21 23:45:00.000000 +00:00,67954.0,67924.1,67981.99,67957.4,67888.77,67858.4,67930.0,67911.1,11024158.2152006,44876216.1581,4779083.9855609,16926261.7649,3839,8664,1501,3416,192688.19473647996,8.664e-05
286,2024-07-21 23:50:00.000000 +00:00,67930.0,67911.1,68105.0,68085.3,67929.99,67904.0,68072.01,68043.1,4514923.484021,34120703.1155,3185692.724135,24805797.1021,3532,7940,2731,5495,192448.3941564264,8.951e-05
287,2024-07-21 23:55:00.000000 +00:00,68072.0,68043.1,68165.35,68144.0,68072.0,68043.1,68165.35,68138.0,5067118.7074767,32297191.6229,3688994.0080932,21056594.5446,3236,6960,2103,4320,192860.19949033952,9.105e-05
